<?xml version="1.0" encoding="UTF-8"?>
<!DOCTYPE fsm SYSTEM "fsm.dtd">
<!-- 
	Shows the upgrade page and performs 5 tasks:
	- Detect: configure the interface with a static IP and detect the device.
	- Backup: backup configuration files.
	- Start and transfer: sets the device in BOOTP and transfers the firmware image.
	- Install: wait until the device has finished installing the firmware.
	- Restore: restore the configuration files.

	Fatal errors are handled by showing an error page.
	
	Input properties:
	- buildImage: Build image object. (required)
	- originalUserid: Current username of the device. (required)
	- originalPassword: Current password of the device. (required)
	- factoryUsername: Username of the build.
	- factoryPassword: Password of the build.
	- languagePackPath: Path where the language packs for the new build are located. (required)

	Application properties:
	- device: The device object that will be upgraded. After succesful upgrade, this is updated.
  - upgrade.restore.languagePacks [disable|backup|*highest|exact]: backup .lng files:
  	- disable: don't backup
  	- backup: backup existing language packs to a temporary directory, and restore only these.
  	- highest: backup existing language packs to a temporary directory. Restore the highest 
  	  version that's available in the languagepack directory, or if no compatible builds can 
  	  be found there, from the temporary directory.
  	- exact: backup existing language packs to a temporary directory. Only restore the language
  	  packs with the same version as the new build. Check the languagepack directory first, then
  	  the temporary directory.
  - upgrade.restore.templates [0|1]: backup .tpl files
  - upgrade.restore.configuration [0|1]: backup .ini files
  - upgrade.restore.softwareKeys [0|1]: backup .swk files. A reboot of the device will be required
    after restoring them.

	Output properties:
  - errorText: Userfriendly error string. Only set on exit failedRestore.

  Exit events:
  - success: Upgrade succeeded.
  - failedRestore: Upgrade succeeded but configuration restoration failed.

  Modules referred:
  - mod_upgrade_configinterface.xml
  - mod_upgrade_backupconfig.xml
  - mod_upgrade_restoreconfig.xml
  - mod_upgrade_restorelangpacks.xml

-->

<fsm>
	<property key="buildImage" required="yes"/>
	<property key="originalUserid" required="yes"/>
	<property key="originalPassword" required="yes"/>
	<property key="languagePackPath" required="yes"/>
	<property key="oldInterface" value="dummy"/>
	<states>
		<!-- compare old and new TP versions -->
		<state type="showHtmlPage" name="errorPage">
			<property key="title" value="tr(An error occurred)"/>
			<property key="nextEnabled" value="0"/>
		</state>
		<state type="taskPageFsm" name="upgradeFsm" weight="10">
			<property key="errorInfoText" value="tr(The Wizard was unable to continue because the following error occurred:&lt;ul&gt;&lt;li&gt;%1&lt;/li&gt;&lt;/ul&gt;
				You can try to:&lt;ul&gt;&lt;li&gt;click Back and retry the upgrade process&lt;/li&gt;&lt;li&gt;power cycle the device and restart the Wizard&lt;/li&gt;&lt;/ul&gt;
				See the Thomson user documentation for more information.&lt;br/&gt;If the problem persists, contact your Service Provider.)"/>
			<!-- required inputs -->
			<property key="buildImage" required="yes"/>
			<property key="originalUserid" required="yes"/>
			<property key="originalPassword" required="yes"/>
			<property key="languagePackPath" required="yes"/>
			<!-- page configuration -->
		  <property key="task1" value="tr(Detecting your device)" />
		  <property key="task2" value="tr(Backing up your device's settings and configuration)" />
		  <property key="task3" value="tr(Starting the upgrade mode and transferring the firmware)" />
		  <property key="task4" value="tr(Installing the new firmware on your device)" />
		  <property key="task5" value="tr(Restoring your device's settings and configuration)" />
		  <property key="autoContinue" value="yes"/>
		  <property key="autoContinueTime" value="1"/>
		  <!-- states -->
		  <states>
				<state type="compare" name="compareTpVersion">
					<property key="type" value="number"/>
					<property key="comparisonType" value="equal"/>
				</state>
		    <state type="showTaskPage" name="showUpgradeTaskPage">
		      <property key="title" value="tr(Upgrading your device)" />
		      <property key="subTitle" value="tr(Please wait while the Wizard is upgrading your device.)" />
		      <property key="helpText" value="tr(The wizard is upgrading your device by completing the following tasks:)" />
		      <property key="registerPage" value="1"/>
		      <property key="showProgressDetail" value="1"/>
		    </state>
		    <!-- discover device -->
		    <state file="mod_upgrade_configinterface.xml" name="configInterface" weight="3">
		      <property key="taskId" value="1"/>
		    </state>		
		    <state type="isDeviceOperational" name="isDeviceOperational">
		      <property key="taskId" value="1"/>
		    </state>
		    <state file="mod_upgrade_backupconfig.xml" name="backupConfig" weight="5">
		    	<property key="taskId" value="2"/>
				</state>
		    <state type="initUpgrade" name="initUpgrade" weight="10">
		      <property key="taskId" value="3"/>
		    </state>
		    <state type="startUpgrade" name="startUpgrade" weight="50">
		      <property key="taskId" value="3"/>
		    </state>
		    <state type="finishUpgrade" name="finishUpgrade" weight="60">
		      <property key="taskId" value="4"/>
		    </state>
				<state type="actionAuthenticateDevice" name="authenticateDevice" weight="1">
		      <property key="taskId" value="4"/>
		    </state>	
		    <state type="deviceAuthHandler" name="askAuthenticateDevice" weight="1">
		      <property key="taskId" value="4"/>
		    </state>	 
		    <state file="mod_upgrade_restoreconfig.xml" name="restoreConfig" weight="10">
		    	<property key="taskId" value="5"/>
				</state>
				<state type="compare" name="checkBackupFailed">
					<property key="type" value="number"/>
					<property key="comparisonType" value="greaterorequal"/>
					<property key="input2" value="1"/>
				</state>
		    <state type="ipConfig" name="restoreInterface" weight="3"/>
				<state type="switch" name="switchOutput">
					<property key="outputs" value="success;errorRestore;error"/>
				</state>
	  	</states>
		  <events>
      	<event name="success"/><!-- upgrade and restore succeeded -->
    		<event name="errorRestore"/><!-- upgrade succeeded but restore failed -->
    		<event name="error"/><!-- upgrade failed -->
			</events>
			<transitions>
				<transition startstate="compareTpVersion">
					<propertymap target="input1" function="property($app.device,'tpVersionNumber')"/>
					<propertymap target="input2" function="property($fsm.buildImage,'tpVersionNumber')"/>
				</transition>
				<!-- show page -->	
				<transition fromstate="compareTpVersion" tostate="showUpgradeTaskPage" event="true">
					<propertymap target="fsm.restoreConfig" function="1"/>
				</transition>
				<transition fromstate="compareTpVersion" tostate="showUpgradeTaskPage" event="false">
					<propertymap target="fsm.restoreConfig" function="0"/>
				</transition>
				<!-- discover -->
				<transition fromstate="showUpgradeTaskPage" tostate="configInterface" event="continue">
					<propertymap target="fsm.oldTpVersion" function="property($app.device,'tpVersionNumber')"/>
					<propertymap target="fsm.backupFailed" function="0"/><!-- reset flag -->
					<propertymap target="fsm.errorText" function="list()"/>
				</transition>
				<transition fromstate="configInterface" tostate="isDeviceOperational" event="finished">
					<propertymap target="fsm.oldInterface" function="$oldInterface"/>
					<propertymap target="device" function="$app.device"/>
				</transition>	
				<!-- backup configuration -->			
				<transition fromstate="isDeviceOperational" tostate="backupConfig" event="operational">
					<propertymap target="backupLanguagePacks" function="$app.upgrade.restore.languagePacks"/>
					<propertymap target="backupTemplates" function="$app.upgrade.restore.templates"/>
					<propertymap target="backupConfiguration" function="$app.upgrade.restore.configuration"/>
					<propertymap target="backupSoftKeys" function="$app.upgrade.restore.softwareKeys"/>
				</transition>
				<!-- skip backup, start upgrade -->
				<transition fromstate="isDeviceOperational" tostate="initUpgrade" event="notOperational">
					<propertymap target="device" function="$app.device"/>
					<propertymap target="buildImage" function="property($fsm.buildImage,'buildName')"/>
				</transition>
				<!-- backup done, start upgrade -->
				<transition fromstate="backupConfig" tostate="initUpgrade" event="finished">
					<!-- output --><propertymap target="fsm.configNameList" function="$configNameList"/>
					<!-- output --><propertymap target="fsm.configList" function="$configList"/>
					<!-- output --><propertymap target="fsm.softKeyList" function="$softKeyList"/>
					<!-- output --><propertymap target="fsm.languageList" function="$languageList"/>
					<propertymap target="fsm.restoreConfig" function="count($configNameList)"/>
					<propertymap target="device" function="$app.device"/>
					<propertymap target="buildImage" function="property($fsm.buildImage,'buildName')"/>
					<propertymap target="fsm.backupFailed" function="$backupFailed"/>
				</transition>
				<transition fromstate="initUpgrade" tostate="startUpgrade" event="finished">
					<!-- output --><propertymap target="app.device" function="$device"/>
					<propertymap target="device" function="$device"/>
					<propertymap target="buildImage" function="property($fsm.buildImage,'buildName')"/>
				</transition>
				<transition fromstate="startUpgrade" tostate="finishUpgrade" event="finished">
					<!-- output --><propertymap target="app.device" function="$device"/>
					<propertymap target="device" function="$device"/>
				</transition>
				<!-- upgrade finished, authenticate device -->
				<transition fromstate="finishUpgrade" tostate="authenticateDevice" event="finished">
					<!-- output --><propertymap target="app.device" function="$device"/>
					<propertymap target="device" function="$device"/>
					<propertymap target="systemUserid" function="$fsm.factoryUsername"/>
					<propertymap target="systemPassword" function="$fsm.factoryPassword"/>
				</transition>
				<transition fromstate="authenticateDevice" tostate="askAuthenticateDevice" event="authenticationFailed">
					<propertymap target="device" function="$app.device"/>
					<propertymap target="systemUserid" function="$fsm.factoryUsername"/>
					<propertymap target="systemPassword" function="$fsm.factoryPassword"/>
					<propertymap target="authenticationMode" function="user"/>
				</transition>	
				<!-- restore configuration -->
				<transition fromstate="authenticateDevice" tostate="restoreConfig" event="finished">
					<propertymap target="app.device" function="$device"/>
					<propertymap target="configNameList" function="$fsm.configNameList"/>
					<propertymap target="configList" function="$fsm.configList"/>
					<propertymap target="softKeyList" function="$fsm.softKeyList"/>
					<propertymap target="languageList" function="$fsm.languageList"/>
					<propertymap target="originalUserid" function="$fsm.originalUserid"/>
					<propertymap target="originalPassword" function="$fsm.originalPassword"/>
      		<propertymap target="factoryUsername" function="$fsm.factoryUsername"/>
      		<propertymap target="factoryPassword" function="$fsm.factoryPassword"/>
					<propertymap target="restoreConfig" function="$fsm.restoreConfig"/>
					<propertymap target="languagePackPath" function="$fsm.languagePackPath"/>
				</transition>
				<transition fromstate="askAuthenticateDevice" tostate="restoreConfig" event="authenticated">
					<propertymap target="app.device" function="$device"/>
					<propertymap target="configNameList" function="$fsm.configNameList"/>
					<propertymap target="configList" function="$fsm.configList"/>
					<propertymap target="languageList" function="$fsm.languageList"/>
					<propertymap target="originalUserid" function="$fsm.originalUserid"/>
					<propertymap target="originalPassword" function="$fsm.originalPassword"/>
      		<propertymap target="factoryUsername" function="$fsm.factoryUsername"/>
      		<propertymap target="factoryPassword" function="$fsm.factoryPassword"/>
					<propertymap target="restoreConfig" function="$fsm.restoreConfig"/>
					<propertymap target="languagePackPath" function="$fsm.languagePackPath"/>
				</transition>	

				<!-- done -->
				<transition fromstate="restoreConfig" tostate="checkBackupFailed" event="success">
					<propertymap target="input1" function="$fsm.backupFailed"/>
				</transition>
				<transition fromstate="checkBackupFailed" tostate="restoreInterface" event="false">
					<propertymap target="fsm.exit" function="success"/>	
					<propertymap target="taskId" function="$taskId"/>	
					<propertymap target="newInterface" function="$fsm.oldInterface"/>	
				</transition>
				<transition fromstate="checkBackupFailed" tostate="restoreInterface" event="true">
					<propertymap target="fsm.errorText" function="append($fsm.errorText, tr('One or more configuration files have not been restored. The device may remain in default configuration state.'))"/>
					<propertymap target="fsm.exit" function="errorRestore"/>	
					<propertymap target="taskId" function="$taskId"/>	
					<propertymap target="newInterface" function="$fsm.oldInterface"/>	
				</transition>

				<!-- catch errors -->
		    <transition fromstate="configInterface" tostate="restoreInterface" event="notFound">
					<propertymap target="fsm.exit" function="error"/>	
					<propertymap target="fsm.errorText" function="append($fsm.errorText, tr('The device is not found anymore, upgrade not started.'))"/>
					<propertymap target="taskId" function="$taskId"/>	
					<propertymap target="newInterface" function="$fsm.oldInterface"/>	
				</transition>
				<transition fromstate="initUpgrade" tostate="restoreInterface" event="failed">
					<propertymap target="app.device" function="$device"/>
					<propertymap target="fsm.exit" function="error"/>	
					<propertymap target="fsm.errorText" function="append($fsm.errorText, tr('The device failed to startup in upgrade mode.'))"/>
					<propertymap target="taskId" function="$taskId"/>	
					<propertymap target="newInterface" function="$fsm.oldInterface"/>	
				</transition>
				<transition fromstate="startUpgrade" tostate="restoreInterface" event="failed">
					<propertymap target="app.device" function="$device"/>
					<propertymap target="fsm.exit" function="error"/>	
					<propertymap target="fsm.errorText" function="append($fsm.errorText, tr('The upgrade process failed.'))"/>
					<propertymap target="taskId" function="$taskId"/>	
					<propertymap target="newInterface" function="$fsm.oldInterface"/>	
				</transition>
				<transition fromstate="finishUpgrade" tostate="restoreInterface" event="failed">
					<propertymap target="app.device" function="$device"/>
					<propertymap target="fsm.exit" function="error"/>	
					<propertymap target="fsm.errorText" function="append($fsm.errorText, tr('The device did not respond anymore after upgrade.'))"/>
					<propertymap target="taskId" function="$taskId"/>	
					<propertymap target="newInterface" function="$fsm.oldInterface"/>	
				</transition>
		    <transition fromstate="authenticateDevice" tostate="restoreInterface" event="failed">
					<propertymap target="fsm.exit" function="errorRestore"/>	
					<propertymap target="fsm.errorText" function="append($fsm.errorText, tr('The device did not respond anymore after upgrade. Your configuration has not been restored.'))"/>
					<propertymap target="taskId" function="$taskId"/>	
					<propertymap target="newInterface" function="$fsm.oldInterface"/>	
				</transition>
		    <transition fromstate="askAuthenticateDevice" tostate="restoreInterface" event="authenticationFailed|canceled">  
					<propertymap target="fsm.exit" function="errorRestore"/>	
					<propertymap target="fsm.errorText" function="append($fsm.errorText, tr('Device authentication has failed after upgrade. Your configuration has not been restored.'))"/>
					<propertymap target="taskId" function="$taskId"/>	
					<propertymap target="newInterface" function="$fsm.oldInterface"/>	
				</transition>
				<transition fromstate="restoreConfig" tostate="restoreInterface" event="failed">
					<propertymap target="fsm.exit" function="errorRestore"/>	
					<propertymap target="fsm.errorText" function="merge($fsm.errorText, $errorText)"/>
					<propertymap target="taskId" function="$taskId"/>	
					<propertymap target="newInterface" function="$fsm.oldInterface"/>	
				</transition>

				<!-- exit -->
				<transition fromstate="restoreInterface" tostate="switchOutput" event="interfaceUpdated|needReboot">
					<propertymap target="input" function="$fsm.exit"/>
				</transition>
				<transition fromstate="switchOutput" toexit="success" event="success"/>
				<transition fromstate="switchOutput" toexit="errorRestore" event="errorRestore"/>
				<transition fromstate="switchOutput" toexit="error" event="error|default"/>
			</transitions>
		</state>
  </states>
	<events>
    <event name="success"/>
    <event name="failedRestore"/>
  </events>
	
  <transitions>
		<transition startstate="upgradeFsm">
		  <propertymap target="buildImage" function="$fsm.buildImage"/>
		  <propertymap target="originalUserid" function="$fsm.originalUserid"/>
		  <propertymap target="originalPassword" function="$fsm.originalPassword"/>
		  <propertymap target="factoryPassword" function="$fsm.factoryPassword"/>
		  <propertymap target="factoryUsername" function="$fsm.factoryUsername"/>
		  <propertymap target="languagePackPath" function="$fsm.languagePackPath"/>
		</transition>
		<!-- success -->
		<transition fromstate="upgradeFsm" toexit="success" event="success">
		</transition>
		<transition fromstate="upgradeFsm" toexit="failedRestore" event="errorRestore">
			<propertymap target="fsm.errorText" function="$errorText"/>
		</transition>
		<!-- failed -->
    <transition fromstate="upgradeFsm" tostate="errorPage" event="error">
      <propertymap target="text" function="replace($errorInfoText, '%1', join($errorText, ' '))"/>
    </transition>
    <transition fromstate="errorPage" tostate="errorPage" event="pageNext"/>
	</transitions>
</fsm>
