<?xml version="1.0" encoding="UTF-8"?>
<!DOCTYPE fsm SYSTEM "fsm.dtd">
<!-- 
	Restores config files, templates, software keys and language packs.

	Input properties:
  - languageList: list of language ISO codes (required)
  - configNameList: list of names of the config files that were backed up (required)
  - configList: list of backed up config files (required)
  - softKeyList: list of backed up software keys (required)
  - originalUserid: username to authenticate after restore (required)
  - originalPassword: password to authenticate after restore (required)
  - restoreConfig: activate the new configuration after restoring it if 1, skip if 0. (required)

	Output properties:
	- errorText: User friendly error string. Only set on exit failed.

	Application properties:
	- device: The device that will be upgraded.
  - upgrade.restore.languagePacks [disable|backup|*highest|exact]: how to restore .lng files:
  	- disable: do nothing
  	- backup: Restore the highest version that's available in the temporary directory.
  	- highest: Restore the highest version that's available in the languagepack directory, 
  	  or if no compatible builds can be found there, from the temporary directory.
  	- exact:Only restore the language packs with the same version as the new build. 
  	  Check the languagepack directory first, then the temporary directory.
  
  Exit events:
  - success
  - failed
  
  Modules referred:
  - mod_upgrade_restorelangpacks.xml

-->

<fsm>
	<property key="languageList" required="yes"/>
	<property key="configNameList" required="yes"/>
	<property key="configList" required="yes"/>
	<property key="softKeyList" required="yes"/>
	<property key="originalUserid" required="yes"/>
	<property key="originalPassword" required="yes"/>
	<property key="restoreConfig" required="yes"/>
	<property key="languagePackPath" required="yes"/>
	
	<property key="errorNoresponse" value="tr(The device did not respond anymore after restoring the configuration. The device may remain in default configuration state.)"/>
	<property key="errorNoresponseAfterReboot" value="tr(The installer was unable to detect the device after restoring the software keys. Please check whether the configuration is intact.)"/>
	<property key="errorAuthentication" value="tr(Device authentication failed after restoring the configuration. The configuration may not have been restored correctly.)"/>
	<property key="errorUploadFile" value="tr(One or more configuration files have not been restored. The device may remain in default configuration state.)"/>
	<states>
		<state type="compare" name="configRestored">
			<property key="type" value="number"/>
			<property key="comparisonType" value="greaterorequal"/>
			<property key="input2" value="1"/>
		</state>
		<state type="compare" name="doReboot">
			<property key="type" value="number"/>
			<property key="comparisonType" value="greaterorequal"/>
			<property key="input2" value="1"/>
		</state>
		<state type="actionRebootDevice" name="rebootModem" weight="20"/>
		<!-- upload language packs -->
		<state file="mod_upgrade_restorelangpacks.xml" name="uploadLanguagePacks" weight="5"/>
		<!-- upload software keys -->
		<state type="upgradeDevice_putSoftKeys" name="putSoftKeys" weight="5"/>
		<!-- activate new config -->
		<state type="actionActivateConfig" name="activateConfig" weight="10"/>
    <state type="actionDiscoverDevice" name="rediscover" weight="10">
      <property key="timeout" value="30000"/>
    </state>
		<state type="actionAuthenticateDevice" name="authenticate" weight="2"/>
		<!-- iterator fsm for uploading config files -->
		<state type="listIteratorFsm" name="putConfigFiles" weight="10">
			<property key="fileList" required="yes"/>
			<property key="configList" required="yes"/>
			<property key="restoreFailed" value="0"/>
			<states>
				<!-- iteration state -->
				<state type="listIterator" name="fileIterator"/>
				<!-- put one config file -->
				<state type="actionUploadFile" name="putFile" weight="2"/>
				<!-- compare failed flag -->
				<state type="compare" name="checkFailed">
					<property key="type" value="number"/>
					<property key="comparisonType" value="greater"/>
					<property key="input2" value="0"/>
				</state>
			</states>
			<events>
				<event name="finished"/>
				<event name="failed"/>
			</events>
			<transitions>
				<!-- iterate -->
				<transition startstate="fileIterator">
					<propertymap target="list" function="$fsm.fileList"/>
					<propertymap target="currentItem" function=""/>
					<propertymap target="fsm.restoreFailed" function="0"/><!-- reset failed flag -->
				</transition>
				<!-- next file, upload -->
				<transition fromstate="fileIterator" tostate="putFile" event="nextItem">
					<propertymap target="fsm.currentFile" function="$currentItem"/>
					<propertymap target="fileName" function="$currentItem"/>
					<propertymap target="content" function="property($fsm.configList,$currentItem)"/>
					<propertymap target="device" function="$app.device"/>
				</transition>
				<!-- next iteration -->
				<transition fromstate="putFile" tostate="fileIterator" event="finished">
					<propertymap target="list" function="$fsm.fileList"/>
					<propertymap target="currentItem" function="$fsm.currentFile"/>
				</transition>
				<transition fromstate="putFile" tostate="fileIterator" event="failed">
					<propertymap target="list" function="$fsm.fileList"/>
					<propertymap target="currentItem" function="$fsm.currentFile"/>
					<propertymap target="fsm.restoreFailed" function="add($fsm.restoreFailed, 1)"/><!-- set failed flag -->
				</transition>
				<!-- no more files, finish -->
				<transition fromstate="fileIterator" tostate="checkFailed" event="lastItem">
					<propertymap target="input1" function="$fsm.restoreFailed"/>
				</transition>
				<transition fromstate="checkFailed" toexit="finished" event="false"/>
				<transition fromstate="checkFailed" toexit="failed" event="true"/>
			</transitions>
		</state> <!-- putConfigFiles -->
	</states>
	<events>
		<event name="success"/>
		<event name="failed"/>
	</events>
	<transitions>
		<!-- restore -->
		<transition startstate="putConfigFiles">
			<propertymap target="fileList" function="$fsm.configNameList"/>
			<propertymap target="configList" function="$fsm.configList"/>
			<propertymap target="fsm.errorText" function="list()"/>
		</transition>
		<!-- language packs -->
		<transition fromstate="putConfigFiles" tostate="uploadLanguagePacks" event="finished">
			<propertymap target="languagePackPath" function="$fsm.languagePackPath"/>
			<propertymap target="languageList" function="$fsm.languageList"/>
		  <propertymap target="restore" function="$app.upgrade.restore.languagePacks"/>
		</transition>
		<transition fromstate="putConfigFiles" tostate="uploadLanguagePacks" event="failed">
			<propertymap target="languagePackPath" function="$fsm.languagePackPath"/>
			<propertymap target="languageList" function="$fsm.languageList"/>
		  <propertymap target="restore" function="$app.upgrade.restore.languagePacks"/>
			<propertymap target="fsm.errorText" function="append($fsm.errorText, $fsm.errorUploadFile)"/>
		</transition>

		<!-- software keys -->
		<transition fromstate="uploadLanguagePacks" tostate="putSoftKeys" event="finished">
			<propertymap target="device" function="$app.device"/>
			<propertymap target="softKeyList" function="$fsm.softKeyList"/>
		</transition>
		<!-- need reboot? -->
		<transition fromstate="putSoftKeys" tostate="doReboot" event="finished">
  		<propertymap target="input1" function="count($fsm.softKeyList)"/>
		</transition>
		<!-- reboot -->
		<transition fromstate="doReboot" tostate="rebootModem" event="true">
			<propertymap target="device" function="$app.device"/>
			<propertymap target="timeout" function="property($app.device, 'maxRebootTime')"/>
  	</transition>

		<!-- need activate config? -->
		<transition fromstate="putSoftKeys" tostate="configRestored" event="failed">
		  <propertymap target="input1" function="$fsm.restoreConfig"/>
		</transition>
		<transition fromstate="doReboot" tostate="configRestored" event="false">
		  <propertymap target="input1" function="$fsm.restoreConfig"/>
		</transition>

		<!-- activate config -->
		<transition fromstate="configRestored" tostate="activateConfig" event="true">
			<propertymap target="device" function="$app.device"/>
		</transition>
		<transition fromstate="activateConfig" tostate="rediscover" event="failed">
			<propertymap target="device" function="$app.device"/>
		</transition>

		<!-- authenticate -->
		<transition fromstate="rebootModem" tostate="authenticate" event="finished">
			<propertymap target="device" function="$app.device"/>
			<propertymap target="systemUserid" function="$fsm.originalUserid"/>
			<propertymap target="systemPassword" function="$fsm.originalPassword"/>
		</transition>
		<transition fromstate="activateConfig" tostate="authenticate" event="finished">
			<propertymap target="device" function="$app.device"/>
			<propertymap target="systemUserid" function="$fsm.originalUserid"/>
			<propertymap target="systemPassword" function="$fsm.originalPassword"/>
		</transition>
		<transition fromstate="rediscover" tostate="authenticate" event="finished">
			<propertymap target="device" function="$app.device"/>
			<propertymap target="systemUserid" function="$fsm.originalUserid"/>
			<propertymap target="systemPassword" function="$fsm.originalPassword"/>
		</transition>
  	<!-- finished -->
		<transition fromstate="authenticate" toexit="success" event="finished"/>
		<transition fromstate="configRestored" toexit="success" event="false"/>

		<transition fromstate="authenticate" toexit="failed" event="authenticationFailed">	
			<propertymap target="fsm.errorText" function="append($fsm.errorText, $fsm.errorAuthentication)"/>
    </transition>
		<transition fromstate="authenticate" toexit="failed" event="failed">	
			<propertymap target="fsm.errorText" function="append($fsm.errorText, $fsm.errorNoresponse)"/>
    </transition>
		<transition fromstate="rediscover" toexit="failed" event="failed">
			<propertymap target="fsm.errorText" function="append($fsm.errorText, $fsm.errorNoresponse)"/>
    </transition>
		<transition fromstate="rebootModem" toexit="failed" event="failed">
			<propertymap target="fsm.errorText" function="append($fsm.errorText, $fsm.errorNoresponseAfterReboot)"/>
    </transition>
	</transitions>
</fsm>
