<?xml version="1.0" encoding="UTF-8"?>
<!DOCTYPE fsm SYSTEM "fsm.dtd">
<!-- 
	Generic upgrade scenario for devices that support MDAP and BOOTP.

	Application properties:
	- originalUserid: Current username of the device.
	- originalPassword: Current password of the device.
	- factoryUsername: Username of the build.
	- factoryPassword: Password of the build.
  - serialFilter: Regexp to filter device search on serial number. Default '*'
  - nameFilter: Regexp to filter device search on device name. Default '*'
  - upgrade.restore.templates [0|1]: backup .tpl files
  - upgrade.restore.configuration [0|1]: backup .ini files
  - upgrade.restore.softwareKeys [0|1]: backup .swk files. A reboot of the device will be required
    after restoring them.
  - upgrade.restore.languagePacks [disable|backup|*highest|exact]: how to restore .lng files:
  	- disable: do nothing
  	- backup: Restore the highest version that's available in the temporary directory.
  	- highest: Restore the highest version that's available in the languagepack directory, 
  	  or if no compatible builds can be found there, from the temporary directory.
  	- exact:Only restore the language packs with the same version as the new build. 
  	  Check the languagepack directory first, then the temporary directory.
  - buildImagePath: Path where the build images are located.
  - languagePackPath: Path where the language packs for the new build are located.
	- expertMode: Built-in.
	- applicationPath: Built-in

	- finishText: User friendly string specifying the result of the upgrade.

  Exit events:
  - finished

  Modules referred:
  - mod_upgrade_backupconfig.xml
  - mod_upgrade_configinterface.xml
  - mod_upgrade_restoreconfig.xml
  - mod_upgrade_restorelangpacks.xml
  - mod_upgradedevice.xml
  - mod_devicefinder.xml
  - mod_selectbuildimage.xml
  - mod_selectdevice.xml

-->

<fsm>
  <name>tr(Upgrade scenario)</name>
  <property key="finishTextSuccess" value="tr(You have succesfully upgraded your device.&lt;br/&gt;Click Finish to close the Firmware Recovery Tool.)"/>
  <property key="finishTextNearSuccess" value="tr(You have succesfully upgraded your device, but the following non-fatal error(s) occurred:&lt;/center&gt;&lt;ul&gt;&lt;li&gt;%1&lt;/li&gt;&lt;/ul&gt;&lt;center&gt;Click Finish to close the Firmware Recovery Tool.)"/>
  <states>
    <state type="configFirewall" name="configFirewall" weight="1">
      <system type="common">
      	<!-- dummy invalid portmap for non-XP systems -->
      	<property key="description" value="none"/>
	  	</system>
      <system type="winXP">
      	<property key="description" value="MDAP-1;    MDAP-2"/>
      	<property key="intPort"     value="3235;      65000"/>
      	<property key="extPort"     value="3235;      65000"/>
      	<property key="protocol"    value="udp;       udp"/>
      	<property key="targetIp"    value="127.0.0.1; 127.0.0.1"/>
      	<property key="open"        value="1;         1"/>
      </system>
    </state>
    <state file="mod_devicefinder.xml" name="deviceFinder" weight="5" navigation="tr(Checking your Thomson Gateway)">
      <property key="timeout" value="3"/><!-- search for devices for 10 secs -->
    </state>
    <state file="mod_setdeviceproperties.xml" name="setDeviceProperties" weight="1"/>
    <state file="mod_selectbuildimage.xml" name="checkBuild" weight="2" navigation="tr(Select firmware image)"/>
    <state file="mod_upgradedevice.xml" name="upgradeDevice" weight="80" navigation="tr(Upgrading your Thomson Gateway)"/>
    <state type="showPageError" name="errorPage"/>
  </states>
  <events>
    <event name="finished" />
  </events>
  <transitions>
  	<!-- system check -->
    <transition startstate="configFirewall"/>
    <transition fromstate="configFirewall" tostate="deviceFinder" event="success">    
      <propertymap target="nameFilter" function="$app.nameFilter"/>
      <propertymap target="serialFilter" function="$app.serialFilter"/>
      <propertymap target="authenticationMode" function="user"/>
      <propertymap target="systemUserid" function="$app.systemUserid"/>
      <propertymap target="systemPassword" function="$app.systemPassword"/>
    </transition>
    <!-- device found, go to build check -->
    <transition fromstate="deviceFinder" tostate="setDeviceProperties" event="foundDevice">
      <!-- output --><propertymap target="app.device" function="$device"/>
      <!-- output --><propertymap target="fsm.originalUserid" function="property($device,'user')"/>
      <!-- output --><propertymap target="fsm.originalPassword" function="property($device,'password')"/>
      <propertymap target="device" function="$device"/>
      <propertymap target="filePath" function="concat($app.applicationPath, '/xml/devices.xml')"/>
    </transition>
    <transition fromstate="setDeviceProperties" tostate="checkBuild" event="finished">
      <!-- output --><propertymap target="app.device" function="$device"/>
      <propertymap target="device" function="$device"/>
      <propertymap target="buildImagePath" function="concat($app.applicationPath,'/',$app.buildImagePath)"/>
    </transition>
    <transition fromstate="checkBuild" tostate="upgradeDevice" event="finished">
      <propertymap target="buildImage" function="$buildImage"/>
      <propertymap target="originalUserid" function="$fsm.originalUserid"/>
      <propertymap target="originalPassword" function="$fsm.originalPassword"/>
      <propertymap target="factoryUsername" function="$app.factoryUsername"/>
      <propertymap target="factoryPassword" function="$app.factoryPassword"/>
			<propertymap target="languagePackPath" function="concat($app.applicationPath,'/',$app.languagePackPath)"/>
    </transition>
    <transition fromstate="upgradeDevice" toexit="finished" event="success">
      <propertymap target="app.finishText" function="$fsm.finishTextSuccess"/>
    </transition>
    <transition fromstate="upgradeDevice" toexit="finished" event="failedRestore">
      <propertymap target="app.finishText" function="replace($fsm.finishTextNearSuccess, '%1', join($errorText, '&lt;/li&gt;&lt;li&gt;'))"/>
    </transition>
    <transition fromstate="deviceFinder" tostate="errorPage" event="foundNoDevices">
      <propertymap target="errorType" function="NotFound"/>
    </transition>
    <transition fromstate="deviceFinder" tostate="errorPage" event="authenticationFailed">
      <propertymap target="errorType" function="AuthenticationFailure"/>
    </transition>
  </transitions>
</fsm>
